{
  "pools": [
    {
      "rolls": 2,
      "entries": [
        {
			"type": "item",
			"name": "minecraft:oak_log",
			"weight": 5
		},
        {
			"type": "item",
			"name": "minecraft:flowering_azalea",
			"weight": 2
		},
        {
			"type": "item",
			"name": "minecraft:flowering_azalea_leaves",
			"weight": 2
		},
        {
			"type": "item",
			"name": "minecraft:azalea_leaves",
			"weight": 1
		},
		{
			"type": "item",
			"name": "minecraft:moss_block",
			"weight": 1
		}
      ]
    }
  ]
}