{
  "pools": [
    {
      "rolls": 2,
      "entries": [
        {
			"type": "item",
			"name": "minecraft:warped_stem",
			"weight": 15
		},
        {
			"type": "item",
			"name": "minecraft:warped_fungus",
			"weight": 3
		},
        {
			"type": "item",
			"name": "minecraft:warped_wart_block",
			"weight": 2
		},
		{
			"type": "item",
			"name": "minecraft:shroomlight",
			"weight": 2
		},
		{
			"type": "item",
			"name": "minecraft:twisting_vines",
			"weight": 1
		}
      ]
    }
  ]
}